{"employees":[
  {"name":"Salman Siddiqui","age":24,"gender":"Male"},
  {"name":"Rashmi Yadav","age":25,"gender":"Female"},
  {"name":"Amit Tiwari","age":23,"gender":"Male"},
  {"name":"Wajid Shaikh","age":28,"gender":"Male"},
  {"name":"Vinod Mehra","age":32,"gender":"Male"},
  {"name":"Rashi Khanna","age":27,"gender":"Female"},
  {"name":"Rohit Jaiswal","age":35,"gender":"Male"},
  {"name":"Shweta Shukla","age":21,"gender":"Female"},
  {"name":"Mamta Verma","age":23,"gender":"Female"},
  {"name":"Sabina Khan","age":20,"gender":"Female"},
  {"name":"Arsad Shah","age":23,"gender":"Male"}]
}